Votes12,Votes16,otherpres_shift,democratic_shift,republican_shift,state,county,fips,trump16,trump_zero,clinton16,clinton_zero,otherpres16,otherpres16_ 0,romney12,romney_zero,obama12,obama_zero,otherpres12,otherpres12_0,demsen16,repsen16,othersen16,demhouse16,rephouse16,otherhouse16,demgov16,repgov16,othergov16,repgov14,demgov14,othergov14,total_population,cvap,white_pct,black_pct,hispanic_pct,nonwhite_pct,foreignborn_pct,female_pct,age29andunder_pct,age65andolder_pct,median_hh_inc,clf_unemploy_pct,lesshs_pct,lesscollege_pct,lesshs_whites_pct,lesscollege_whites_pct,rural_pct,ruralurban_cc
35.544197659,29.941670703,2.478482536,-5.602526956,3.124044420,Pennsylvania,Adams,42001,31423,True,14219,True,1847,True,26767,True,15091,True,599,True,14593,30492,2418,12814,33788,0,NA,NA,NA,16729,11096,0,101759,78370,89.762084926,1.352214546,6.604821195,10.237915074,3.978026514,50.636307354,35.814031191,18.255879087,61927,5.524954721,12.207748122,78.133265442,10.616073332,77.446173524,53.675781751,3
56.694706959,56.546544145,2.358134065,-0.148162815,-2.209971250,Pennsylvania,Allegheny,42003,259480,True,367617,True,23017,True,262039,True,352687,True,7355,True,357450,261316,28260,311338,292805,0,NA,NA,NA,146989,205311,0,1230360,961595,79.368233688,12.825026821,1.890097207,20.631766312,5.620224975,51.800367372,36.392437986,17.403686726,54357,6.406960858,6.132273227,60.930418570,5.274032679,59.566889753,2.486291717,1
30.555367881,22.702258207,1.621661853,-7.853109673,6.231447820,Pennsylvania,Armstrong,42005,23484,True,7178,True,956,True,20142,True,9045,True,415,True,8387,20793,2220,0,26957,0,NA,NA,NA,11287,7030,0,67512,54155,97.335288541,0.939092310,0.675435478,2.664711459,0.641367461,50.371785757,31.895070506,20.242327290,45879,7.733723391,10.900014148,84.495826344,10.779271743,84.625234938,67.486691519,1
46.045927877,38.926182527,2.101960231,-7.119745350,5.017785119,Pennsylvania,Beaver,42007,48167,True,32531,True,2873,True,42344,True,37055,True,1075,True,34263,44000,5058,34109,48729,0,NA,NA,NA,22911,24028,0,169205,134970,89.851363730,5.992730711,1.423716793,10.148636270,1.647114447,51.523300139,33.270884430,19.682633492,51887,6.105234204,8.067557529,76.595675208,7.698287208,76.291218741,25.827523323,1
22.067566945,15.420738672,0.907439398,-6.646828272,5.739388875,Pennsylvania,Bedford,42009,19552,True,3645,True,440,True,16702,True,4788,True,207,True,4356,17739,1344,8811,14343,0,NA,NA,NA,8944,4738,0,48852,38650,97.003193319,0.472856792,1.115614509,2.996806681,0.540407762,50.034798985,32.575943667,20.537541963,46746,6.216284558,13.343341075,86.237466720,13.253850840,86.241406318,83.794863551,6
48.738257398,42.846529921,2.840476819,-5.891727477,3.051250658,Pennsylvania,Berks,42011,96626,True,78437,True,8002,True,84702,True,83011,True,2607,True,77028,95466,6919,74137,99194,1789,NA,NA,NA,48809,50762,0,414097,306015,74.074431836,4.085757685,18.823125983,25.925568164,7.051970915,50.846782276,38.918176176,15.840008500,57068,8.208129271,14.467593841,76.381860751,9.955477278,73.821891232,23.736030838,2
32.395851993,25.420240762,2.021487812,-6.975611231,4.954123420,Pennsylvania,Blair,42013,39135,True,13958,True,1816,True,33319,True,16276,True,646,True,15107,36533,3150,19888,33679,0,NA,NA,NA,17209,12459,0,125917,99495,95.024500266,1.575641097,1.135668734,4.975499734,1.149963865,51.035999905,35.278794762,19.311133524,44033,5.815087168,9.326127343,80.466137477,9.297965742,80.509787026,23.430824068,3
36.813796636,24.774389295,2.986673614,-12.039407341,9.052733727,Pennsylvania,Bradford,42015,18141,True,6369,True,1198,True,14410,True,8624,True,392,True,6985,16574,2000,6159,19201,0,NA,NA,NA,9634,4920,0,61808,47850,96.131568729,0.551708517,1.433471395,3.868431271,1.341250324,50.588920528,34.827206834,19.332448874,51035,5.406076075,11.146526026,82.318275625,11.034254039,82.574501350,72.174315736,6
50.004049642,48.522060895,2.519917531,-1.481988747,-1.037928784,Pennsylvania,Bucks,42017,164361,True,167060,True,12876,True,156579,True,160521,True,3916,True,157709,175898,5845,156527,182120,0,NA,NA,NA,94546,103787,0,626220,474050,85.248954042,3.715786784,4.854364281,14.751045958,8.528153045,50.964836639,34.802465587,16.659800070,79559,6.195625661,6.432711508,61.650455796,5.500394988,61.589398844,8.829602286,1
31.919056403,29.446487622,2.913657203,-2.472568781,-0.441088422,Pennsylvania,Butler,42019,64428,True,28584,True,4059,True,59761,True,28550,True,1134,True,28715,62425,5465,0,80065,0,NA,NA,NA,35783,20153,0,185974,145675,95.185886199,1.050146795,1.312011356,4.814113801,2.033617602,50.568896727,35.269446267,16.976566617,63345,5.154692157,6.487712897,66.709846545,6.355043685,67.208101668,41.964081757,1
40.063774246,29.913432268,1.246416908,-10.150341978,8.903925070,Pennsylvania,Cambria,42021,42258,True,18867,True,1947,True,35163,True,24249,True,1114,True,21894,36948,3886,21543,40932,0,NA,NA,NA,17841,21441,0,137762,110410,93.053962631,3.179396350,1.525819892,6.946037369,1.169408110,50.736052032,33.938241315,20.381527562,42917,8.305494575,9.527493333,79.779524032,9.178349829,79.541404556,32.006069085,3
34.296541923,24.290942360,1.692827576,-10.005599563,8.312771987,Pennsylvania,Cameron,42023,1589,True,531,True,66,True,1359,True,724,True,28,True,593,1390,171,526,1620,0,NA,NA,NA,754,593,0,4807,3935,97.004368629,0.603286873,0.811316830,2.995631371,1.809860620,49.407114625,28.728936967,23.777824007,40347,4.868421053,12.830396476,84.416299559,12.859560068,84.602368866,47.354965585,7
45.267972323,31.053655824,1.869356407,-14.214316499,12.344960092,Pennsylvania,Carbon,42025,18743,True,8936,True,1097,True,13504,True,11580,True,497,True,10086,16360,1770,10939,16828,0,NA,NA,NA,7855,9156,0,64330,51115,92.679931603,1.599564744,4.066531945,7.320068397,2.679931603,50.343541116,32.047256335,19.536763563,50822,7.987290802,10.774939044,84.024170465,10.372000090,83.979525402,47.162408619,2
49.085111883,48.705153123,2.890777710,-0.379958761,-2.510818950,Pennsylvania,Centre,42027,35274,True,37088,True,3786,True,34001,True,34176,True,1449,True,35487,36527,4378,33383,41437,0,NA,NA,NA,16460,22346,0,159178,126495,86.146326754,3.471585269,2.757918808,13.853673246,8.106019676,47.506564978,49.057030494,12.443930694,54407,4.851121618,6.699651315,57.604418806,6.256497270,58.753241167,32.217676472,3
49.335047803,52.709077381,2.973788734,3.374029578,-6.347818313,Pennsylvania,Chester,42029,116114,True,141682,True,11004,True,124840,True,124311,True,2822,True,127552,133662,9588,120661,145030,1690,NA,NA,NA,74922,80507,0,512028,367555,80.635434000,5.671369534,7.062309092,19.364566000,9.204184146,50.782574390,38.320560594,14.571273446,88995,5.330753936,7.045427520,49.767250305,4.595359327,47.870949442,13.276580221,1
31.236871370,24.368406045,2.046365689,-6.868465325,4.822099636,Pennsylvania,Clarion,42031,12576,True,4273,True,686,True,10828,True,5056,True,302,True,4931,11310,1204,3168,13456,0,NA,NA,NA,6155,4176,0,38939,31395,96.340429903,1.070905776,0.773003929,3.659570097,1.016975269,51.249390072,39.004596934,17.773954133,42890,7.123302672,11.485891497,79.126306520,11.364169993,79.294826642,76.560468140,6
34.789001157,23.926935310,1.762524907,-10.862065848,9.099540940,Pennsylvania,Clearfield,42033,24932,True,8200,True,1139,True,20347,True,11121,True,499,True,9454,22128,2429,8653,25186,0,NA,NA,NA,11156,9680,0,81170,64075,93.305408402,2.275471233,2.844647037,6.694591598,2.971541210,47.941357644,32.810151534,18.940495257,43361,8.117246080,12.886858607,86.781066685,11.785101580,86.466817156,53.849734205,4
43.226535997,30.817201507,2.360702602,-12.409334490,10.048631888,Pennsylvania,Clinton,42035,10022,True,4744,True,628,True,7303,True,5734,True,228,True,5511,8702,952,4530,10579,0,NA,NA,NA,3886,4543,0,39536,31165,95.386483205,1.535309591,1.358255767,4.613516795,1.381019830,50.973796034,41.911169567,17.219749089,47163,6.554257625,12.365741665,82.507486524,11.943178552,82.629223632,45.690402161,4
42.684307068,31.649426102,2.813695932,-11.034880966,8.221185034,Pennsylvania,Columbia,42037,18004,True,8934,True,1290,True,14236,True,10937,True,450,True,9819,16292,1991,9251,18873,0,NA,NA,NA,8413,6421,0,66772,54050,93.518241179,1.767207812,2.523512850,6.481758821,2.309351225,51.867549272,39.702270413,17.257233571,46952,5.302651326,11.026233333,78.640532443,10.632953784,78.674289542,40.851474850,3
39.230812705,29.262242612,2.384746265,-9.968570093,7.583823828,Pennsylvania,Crawford,42039,24987,True,10971,True,1534,True,20901,True,13883,True,604,True,11047,24472,1740,611,29115,0,NA,NA,NA,12770,9682,0,87027,67805,95.176209682,1.807485033,1.168602847,4.823790318,1.185838878,51.116320222,36.505911958,18.347179611,45637,6.770653939,11.678734693,79.367012580,11.266876144,79.336003591,63.700782966,4
40.037359900,38.715804534,3.008062341,-1.321555366,-1.686506974,Pennsylvania,Cumberland,42041,69076,True,47085,True,5456,True,64809,True,44367,True,1638,True,44796,71638,5509,42188,78381,0,NA,NA,NA,43589,31264,0,243838,187840,87.364561717,3.438348412,3.396517360,12.635438283,5.873571798,50.588095375,37.034014387,17.053945652,62640,5.070728210,8.628561317,66.356986964,7.915236551,66.261968670,22.177854430,2
52.387749177,49.442203069,2.767456317,-2.945546109,0.178089792,Pennsylvania,Dauphin,42043,60863,True,64706,True,5303,True,57450,True,64965,True,1593,True,62551,63740,2383,59322,66093,836,NA,NA,NA,39047,40306,0,271962,202405,67.824549018,17.506122179,8.241960274,32.175450982,7.192181261,51.571543083,37.893161545,15.256543194,54968,6.171589311,10.921410802,70.675410046,7.901942793,67.525233186,13.323386796,2
60.158843552,59.604077491,2.191490874,-0.554766061,-1.636724814,Pennsylvania,Delaware,42045,110667,True,177402,True,9565,True,110853,True,171792,True,2919,True,163377,126300,3948,150468,139614,0,NA,NA,NA,68957,108307,0,562316,414375,68.574787130,20.537562509,3.472780430,31.425212870,9.726915115,51.953883581,39.263332361,15.102006701,66576,7.539406583,7.597338167,63.216426105,5.427837930,59.767134911,0.463881470,1
41.267563076,26.708720366,2.318110606,-14.558842710,12.240732104,Pennsylvania,Elk,42047,10025,True,3853,True,548,True,7579,True,5463,True,196,True,4509,8703,1111,4013,10231,0,NA,NA,NA,4420,4115,0,31111,24880,97.496062486,0.456430202,0.716788274,2.503937514,0.928931889,50.046607309,31.525826878,20.545787664,47917,5.062811691,8.456334563,82.226322263,8.504819547,82.169917059,55.675201903,7
57.356747233,46.986149629,3.131929821,-10.370597603,7.238667782,Pennsylvania,Erie,42049,60069,True,58112,True,5498,True,49025,True,68036,True,1558,True,56846,60948,4930,21235,73494,0,NA,NA,NA,30371,42091,0,279133,212470,85.145432464,6.692508589,3.884886416,14.854567536,4.522933512,50.653989317,39.625196591,15.744824152,47094,7.074246579,8.930007617,73.037406324,7.337006812,71.941471103,20.019531946,2
45.296361200,33.377350419,1.225700580,-11.919010780,10.693310201,Pennsylvania,Fayette,42051,34590,True,17946,True,1231,True,26018,True,21971,True,516,True,20547,29699,2958,18970,31772,0,NA,NA,NA,12654,17623,0,134229,107355,92.258006839,3.978275931,1.031818757,7.741993161,0.907404510,50.650753563,33.159004388,19.356472893,40511,7.843473489,12.635919741,85.266300111,12.148318043,85.170380079,47.897603326,1
38.754325260,26.072469804,2.404401136,-12.681855455,10.277454319,Pennsylvania,Forest,42053,1683,True,626,True,92,True,1383,True,896,True,33,True,708,1502,164,640,1716,0,NA,NA,NA,820,815,0,7493,7125,59.455491792,30.588549313,7.540371013,40.544508208,2.348858935,21.513412518,25.917523021,21.460029361,36594,4.498594189,19.214780600,91.701308699,12.157448929,87.593423019,100,9
30.113510257,25.046249157,2.277604020,-5.067261100,2.789657080,Pennsylvania,Franklin,42055,49768,True,17465,True,2498,True,43260,True,18995,True,823,True,17827,48658,3309,22461,45109,0,NA,NA,NA,25888,12447,0,152707,115150,88.969726339,3.695311937,5.058052349,11.030273661,3.249359885,50.861453633,36.657782551,18.168780737,55751,6.395917888,13.454824151,79.944553256,12.799006221,79.851343860,40.352096673,3
21.146085553,13.469206912,1.290777540,-7.676878641,6.386101101,Pennsylvania,Fulton,42057,5694,True,912,True,165,True,4814,True,1310,True,71,True,1025,5456,250,1914,4756,0,NA,NA,NA,2648,1111,0,14653,11480,96.485361359,1.337610046,1.078277486,3.514638641,0.559612366,49.593939808,34.177301576,19.443117450,49420,5.997483573,13.021333846,86.623102057,13.105553367,86.786136274,100,8
40.459070796,28.431870084,1.474640887,-12.027200713,10.552559826,Pennsylvania,Greene,42059,10849,True,4482,True,433,True,8428,True,5852,True,184,True,5692,8826,896,2217,11411,0,NA,NA,NA,3985,5055,0,37669,30345,92.598688577,4.149300486,1.422920704,7.401311423,0.809684356,48.084631925,35.267726778,17.104250179,49116,6.993228277,13.277047221,82.669605499,12.304623901,81.911429502,66.832962829,6
30.665003685,23.033593829,1.992220329,-7.631409856,5.639189527,Pennsylvania,Huntingdon,42061,14494,True,4539,True,673,True,11979,True,5409,True,251,True,5105,13078,1406,4935,14378,0,NA,NA,NA,7238,5493,0,45844,36870,91.084983858,5.132623680,1.860657883,8.915016142,1.036122502,47.018148504,35.145275281,18.571677864,45250,7.290206289,11.394146968,85.287911685,10.692816603,84.414145146,68.662470324,6
39.847471160,30.521577972,1.957697863,-9.325893188,7.368195325,Pennsylvania,Indiana,42063,24888,True,11528,True,1354,True,21257,True,14473,True,591,True,12592,22245,2955,16320,19336,0,NA,NA,NA,12195,10220,0,87491,70725,93.950234881,2.276805614,1.264130025,6.049765119,1.707604211,49.790264141,40.944782892,17.085185905,45118,7.732957127,11.046397720,77.846647075,11.203342515,78.210792923,60.069756976,4
26.451898105,18.739090256,1.817468531,-7.712807849,5.895339318,Pennsylvania,Jefferson,42065,15192,True,3650,True,636,True,13048,True,4787,True,262,True,4160,13706,1451,4428,14792,0,NA,NA,NA,7253,4265,0,44575,35050,97.393157600,0.628154795,0.814357824,2.606842400,0.536174986,50.339876612,34.851374089,19.475042064,43913,5.214782360,10.919121144,85.171681304,10.861701440,85.230282282,61.460176991,7
26.712113267,17.419169696,2.122210631,-9.292943571,7.170732941,Pennsylvania,Juniata,42067,8273,True,1821,True,360,True,6862,True,2547,True,126,True,2153,7657,612,1855,8266,0,NA,NA,NA,4423,2169,0,24811,18940,95.042521462,0.943130063,3.087340293,4.957478538,2.128088348,50.179355931,35.407682076,19.797670388,49028,5.303287021,17.640972581,86.687359890,17.080708427,86.907167479,82.253612599,6
35.795541499,50.246481596,1.871695206,14.450940097,-16.322635304,Pennsylvania,Lackawanna,42069,48384,True,51983,True,3089,True,61838,True,35085,True,1092,True,53936,40519,7455,61646,37774,0,NA,NA,NA,18029,41569,0,213006,164940,87.388148691,2.641240153,6.320009765,12.611851309,5.105489986,51.654413491,36.082082195,18.800409378,46673,6.508790331,9.965280096,73.900647660,8.253311015,73.033947082,16.305488325,2
39.778183388,37.780367630,3.543209546,-1.997815758,-1.545393788,Pennsylvania,Lancaster,42071,137914,True,91093,True,12105,True,130669,True,88481,True,3286,True,89922,142774,9909,88103,145243,7926,NA,NA,NA,82760,57252,0,533110,394585,83.152632665,3.533041961,9.769653542,16.847367335,4.572789856,51.046500722,40.097165688,16.382735270,59237,5.455201010,15.399114552,74.349670003,13.827819478,72.864810041,21.257110955,2
44.863715545,34.375383407,2.009822887,-10.488332137,8.478509250,Pennsylvania,Lawrence,42073,25428,True,14009,True,1316,True,21047,True,17513,True,476,True,15289,22674,2317,2809,30081,0,NA,NA,NA,11147,11985,0,88528,70165,92.237484186,3.760392192,1.245933490,7.762515814,1.319356588,51.605141876,34.001671787,20.030950660,45764,6.526561866,10.492417032,79.671933498,10.357758693,79.451894263,40.318084032,4
35.171438671,30.645969763,2.399243756,-4.525468908,2.126225151,Pennsylvania,Lebanon,42075,40525,True,18953,True,2367,True,35872,True,19900,True,808,True,19079,39386,3060,17281,41619,1538,NA,NA,NA,22140,13217,0,136950,103190,84.019715225,1.777290982,11.688207375,15.980284775,3.802117561,51.139832055,37.119386637,18.230741146,56191,6.497584541,13.968155721,80.141079547,12.269094246,79.365175187,26.555761859,3
53.253016966,50.513997503,2.458741102,-2.739019463,0.280278361,Pennsylvania,Lehigh,42077,73690,True,81324,True,5979,True,66874,True,78283,True,1845,True,77232,76216,6627,67153,84949,6274,NA,NA,NA,36870,44590,0,358792,262635,67.578151129,5.277988361,21.828245892,32.421848871,10.590815849,51.272882339,38.364289059,15.868525497,57685,7.721517637,11.934638862,71.092126246,8.160261111,67.767492378,7.925676043,2
51.677528749,38.857485757,1.395648913,-12.820042992,11.424394078,Pennsylvania,Luzerne,42079,78688,True,52451,True,3844,True,58325,True,64307,True,1807,True,56477,66551,8650,58232,73301,0,NA,NA,NA,32562,41574,0,318917,247480,84.852171568,3.320299639,9.343183336,15.147828432,5.678279929,50.730127274,35.117601131,18.927808803,46577,7.578419704,10.905675520,77.947447097,8.675443098,76.917952868,19.984855945,2
32.699546168,25.749035894,2.433793128,-6.950510274,4.516717146,Pennsylvania,Lycoming,42081,35627,True,13020,True,1918,True,30658,True,15203,True,632,True,14187,33015,3365,13087,37297,0,NA,NA,NA,20092,10990,0,116313,91640,90.827336583,4.714004454,1.783979435,9.172663417,1.585377387,50.904885954,37.344922752,17.614540077,48731,7.325459453,11.141546852,79.375309866,10.972723547,78.927187868,36.276494044,3
35.060894890,24.699312715,2.142141627,-10.361582175,8.219440548,Pennsylvania,McKean,42083,11635,True,4025,True,636,True,9545,True,5297,True,266,True,3987,11530,605,3710,12280,0,NA,NA,NA,5220,2882,0,42609,33720,93.576474454,2.407941984,2.081719824,6.423525546,1.577131592,48.311389613,34.903424159,18.122931775,44023,7.854242895,10.438648882,83.004844383,10.237367636,82.613176036,63.537399310,7
47.641704186,35.812192930,2.496566379,-11.829511255,9.332944877,Pennsylvania,Mercer,42085,31544,True,18733,True,2032,True,25925,True,24232,True,706,True,19193,30567,2046,0,37915,0,NA,NA,NA,14926,14059,0,114598,90690,90.474528351,5.658039407,1.321139985,9.525471649,1.390076616,50.720780467,35.288573972,19.849386551,45831,6.189290861,10.486474312,78.425214584,10.123393593,78.101678476,44.488931566,2
26.101032313,20.842965432,2.415685069,-5.258066881,2.842381813,Pennsylvania,Mifflin,42087,14094,True,3877,True,630,True,11939,True,4273,True,159,True,4031,13089,1093,3681,14180,0,NA,NA,NA,7310,3490,0,46585,35860,96.305677793,0.633251046,1.358806483,3.694322207,1.023934743,50.904797682,35.279596437,20.233980895,42019,5.211280890,16.948218876,87.933039540,16.983802485,88.469885202,50.466989418,4
55.980100768,48.626562679,2.191967873,-7.353538088,5.161570215,Pennsylvania,Monroe,42089,33386,True,33918,True,2448,True,26867,True,35221,True,829,True,34280,30743,1768,33006,31649,0,NA,NA,NA,14443,19229,0,167126,126260,68.116271556,12.782571234,14.644041023,31.883728444,10.727235738,50.616899824,37.755944617,14.948601654,58980,10.289848341,10.449672371,76.446069341,9.717575758,75.842424242,38.353881843,3
56.612324115,58.911814708,2.569096204,2.299490594,-4.868586798,Pennsylvania,Montgomery,42091,162731,True,256082,True,15874,True,174381,True,233356,True,4463,True,237353,189574,5431,246385,125525,0,NA,NA,NA,104459,155740,0,815876,603170,77.079114964,8.677789272,4.731111100,22.920885036,10.349366816,51.415901436,36.116272571,16.420019709,81902,5.895039861,6.097011932,52.542669799,4.859505797,51.591888200,2.933712060,1
38.986080960,33.391771856,3.194656652,-5.594309104,2.399652452,Pennsylvania,Montour,42093,5288,True,2857,True,411,True,4652,True,3053,True,126,True,2898,5066,586,2871,5531,0,NA,NA,NA,2900,2123,0,18404,14330,92.333188437,1.722451641,2.396218213,7.666811563,3.238426429,51.988698109,33.797000652,19.990219517,55233,5.338396247,10.154145465,71.505537264,10.489789407,73.476388003,53.769091805,3
51.712242322,46.176464440,2.552572719,-5.535777882,2.983205163,Pennsylvania,Northampton,42095,71736,True,66272,True,5511,True,61446,True,67606,True,1683,True,64151,72172,3566,60430,73748,2192,NA,NA,NA,33337,40723,0,300520,230620,78.421402902,4.567083722,12.077066418,21.578597098,7.257087715,50.915080527,36.450485825,17.336616531,62753,6.683384143,9.576750817,72.126134689,8.017387384,71.195787259,12.768401431,2
39.359267735,26.727103927,1.969135870,-12.632163808,10.663027938,Pennsylvania,Northumberland,42097,25427,True,9788,True,1407,True,19518,True,13072,True,622,True,11117,21826,2592,10434,25333,0,NA,NA,NA,10396,10573,0,93590,74685,93.171278983,2.465006945,3.047334117,6.828721017,1.336681269,49.474302810,33.467250775,19.666631050,43701,6.777580799,14.181004666,84.978584990,13.523247691,84.778390127,34.860570413,4
29.720828105,21.892428396,2.612349620,-7.828399710,5.216050089,Pennsylvania,Perry,42099,15616,True,4632,True,910,True,13120,True,5685,True,323,True,4962,14898,1231,4617,16122,0,NA,NA,NA,8501,4204,0,45647,35270,95.962494797,0.858763993,1.684667119,4.037505203,1.296908888,49.624290753,35.507262252,15.865226630,58585,5.181368508,11.734391105,83.655557985,11.484206806,83.888692523,88.498770911,2
85.293781063,82.532421559,1.367565088,-2.761359504,1.393794417,Pennsylvania,Philadelphia,42101,108748,True,584025,True,14858,True,96467,True,588806,True,5054,True,560421,116714,8030,587147,61056,0,NA,NA,NA,44383,326646,0,1559938,1120330,35.267876031,41.552100148,13.767854876,64.732123969,13.071609256,52.696902056,43.594937748,12.521651502,39770,12.524008858,17.390838173,73.650280318,10.072655611,60.676133263,0,1
43.859272306,35.462242826,1.807184728,-8.397029480,6.589844752,Pennsylvania,Pike,42103,16056,True,9256,True,789,True,12786,True,10210,True,283,True,9329,15192,1113,8912,16369,0,NA,NA,NA,7453,5316,0,56210,43450,81.627824231,5.488347269,10.064045543,18.372175769,8.309909269,50.023127557,32.015655577,20.485678705,61199,9.857596104,9.254289864,74.703956277,8.718964914,74.854295372,70.761212502,1
26.194421431,16.726618705,1.393475112,-9.467802726,8.074327613,Pennsylvania,Potter,42105,6251,True,1302,True,231,True,5231,True,1897,True,114,True,1387,5990,323,1210,6459,0,NA,NA,NA,3136,1526,0,17239,13495,96.710946111,0.498868844,1.200765706,3.289053889,1.136956900,49.567840362,33.261790127,21.787806717,40921,5.777240360,12.5,84.951298701,12.458361093,84.976682212,100,9
42.520830807,26.674513671,1.772838416,-15.846317136,14.073478720,Pennsylvania,Schuylkill,42107,44001,True,16770,True,2098,True,32278,True,24546,True,903,True,19539,37757,4832,23262,38280,0,NA,NA,NA,17167,20541,0,145503,115570,92.055833900,2.599259122,3.586867625,7.944166100,1.847384590,48.939197130,32.725785723,19.239465853,46573,7.996438892,12.113562292,84.683785159,11.332641192,84.275620155,36.461234481,4
31.242501000,24.457617796,2.273699570,-6.784883204,4.511183634,Pennsylvania,Snyder,42109,11725,True,4002,True,636,True,10073,True,4687,True,242,True,4299,10867,1116,3843,12034,0,NA,NA,NA,5772,3982,0,40246,31225,95.269095065,0.916861303,2.146797197,4.730904935,1.361626000,50.449734135,39.651145455,16.819062764,51110,4.396299903,17.110108982,83.322059376,17.071653513,83.635939505,66.820311319,7
27.800365329,20.618902524,1.307804009,-7.181462805,5.873658795,Pennsylvania,Somerset,42111,27379,True,7376,True,1018,True,23984,True,9436,True,522,True,8340,25470,1923,8066,27578,0,NA,NA,NA,13145,9594,0,76201,61840,94.795343893,2.607577328,1.339877429,5.204656107,0.879253553,48.125352686,31.483838795,20.470859962,45424,6.652836194,12.857471305,84.533894558,11.973313952,84.247405005,70.802140413,4
35.062733130,23.915816327,1.435576138,-11.146916803,9.711340665,Pennsylvania,Sullivan,42113,2291,True,750,True,95,True,1868,True,1034,True,47,True,867,2020,206,786,2276,0,NA,NA,NA,1325,778,0,6302,5445,93.525864805,2.364328785,1.729609648,6.474135195,1.872421454,47.588067280,26.372580133,26.912091400,44926,8.894230769,10.957511689,84.488717219,10.305823209,84.331797235,100,8
38.433828419,27.158988496,2.788394125,-11.274839923,8.486445798,Pennsylvania,Susquehanna,42115,12891,True,5123,True,849,True,10800,True,6935,True,309,True,5535,11996,1716,5054,13839,0,NA,NA,NA,7790,4283,0,41832,33335,96.450086059,0.547427806,1.704436795,3.549913941,1.611206732,49.655765921,32.025721935,20.068368713,50160,7.375830277,11.104559748,83.251441300,10.741877804,83.239431868,84.029892056,6
31.504351917,21.287858117,2.626495395,-10.216493800,7.589998405,Pennsylvania,Tioga,42117,13614,True,3901,True,810,True,11342,True,5357,True,305,True,3992,13418,764,3812,14241,0,NA,NA,NA,7636,3448,0,42031,33390,96.319383312,0.523423188,1.244319669,3.680616688,1.172943780,50.410411363,36.061478433,19.585544003,48449,6.790092060,10.913368109,79.513143091,10.676855130,79.669809667,90.109811581,6
37.552249816,35.378978704,2.196015290,-2.173271112,-0.022744178,Pennsylvania,Union,42119,10622,True,6180,True,666,True,9896,True,6109,True,263,True,6092,10568,841,5992,11164,0,NA,NA,NA,5362,4784,0,45178,36095,84.339722874,6.412413121,5.693036434,15.660277126,3.222807561,44.862543716,38.151312586,16.074195405,51349,4.911793448,14.831804281,77.858025896,13.277363184,75.827891791,42.814870848,4
35.841566292,27.021586431,2.524053883,-8.819979861,6.295925978,Pennsylvania,Venango,42121,16021,True,6309,True,1018,True,13815,True,7945,True,407,True,6989,14581,1638,6086,16930,0,NA,NA,NA,7475,6053,0,53460,42435,96.127946128,0.729517396,1.060606061,3.872053872,0.746352413,50.787504676,32.850729517,19.943883277,43885,8.029721956,11.094130446,83.489613014,10.725099602,83.492695883,54.755928998,4
40.435863345,27.910382988,2.705383778,-12.525480357,9.820096578,Pennsylvania,Warren,42123,12477,True,5145,True,812,True,10010,True,6995,True,294,True,5124,12130,958,5139,12709,0,NA,NA,NA,5926,4754,0,40649,32415,97.013456666,0.460035917,0.998794558,2.986543334,1.180840857,49.905286723,32.168073015,20.679475510,44977,5.792023086,8.788574515,81.572017017,8.531362255,81.683476098,55.042448882,6
42.580474934,35.802858551,2.448410970,-6.777616383,4.329205413,Pennsylvania,Washington,42125,61386,True,36322,True,3742,True,53230,True,40345,True,1175,True,38133,56952,5824,8110,75676,0,NA,NA,NA,30279,28288,0,208269,165075,92.746880237,2.818470344,1.504304529,7.253119763,1.997896951,51.034959596,33.976732015,18.904397678,57534,6.172303042,8.245765106,71.862680462,7.773937213,71.658055090,30.824752189,1
38.857777572,29.178116413,1.731413832,-9.679661159,7.948247327,Pennsylvania,Wayne,42127,16244,True,7008,True,766,True,12896,True,8396,True,315,True,7487,14538,1803,6641,16679,0,NA,NA,NA,7603,6069,0,51307,41830,91.046056094,3.223731655,4.054027716,8.953943906,2.927475783,46.857153995,30.029040872,20.683337556,50595,7.443422914,10.121657026,79.486913439,8.989370772,78.465867106,88.093975995,6
37.578137900,32.775980357,2.087795265,-4.802157543,2.714362278,Pennsylvania,Westmoreland,42129,116522,True,59669,True,5860,True,103932,True,63722,True,1918,True,62981,107532,9745,22689,135374,0,NA,NA,NA,60678,45475,0,359377,289880,94.231684276,2.373830267,1.064341903,5.768315724,1.543782713,51.165489166,31.821457689,20.669380623,54142,5.292646761,6.976213738,73.094190860,6.739755358,73.006482822,25.363598772,1
42.629716981,28.994217894,1.886792453,-13.635499087,11.748706634,Pennsylvania,Wyoming,42131,8837,True,3811,True,496,True,6587,True,5061,True,224,True,4154,7844,1068,3980,9003,0,NA,NA,NA,4239,3399,0,27975,22165,95.874888293,0.868632708,1.780160858,4.125111707,1.276139410,49.773011618,35.145665773,18.373547811,53397,7.032308680,8.353633780,81.399715794,8.125553069,81.317994899,83.455934361,2
38.678532360,33.266338489,2.892377708,-5.412193871,2.519816163,Pennsylvania,York,42133,128528,True,68524,True,8934,True,113304,True,73191,True,2734,True,69394,126350,10271,62969,141076,0,NA,NA,NA,69055,52072,0,440604,334780,84.725513159,5.254605042,6.649735363,15.274486841,3.599150257,50.565133317,36.839883433,15.841662808,59853,6.240873568,11.463426648,76.884656432,10.252470139,76.296683963,24.720441776,2
